<?xml version="1.0" encoding="UTF-8"?>
<ipojo xmlns="org.apache.felix.ipojo">
  <component classname="follow.me.BinaryFollowMeImpl" name="BinaryFollowMe">
    <callback method="start" transition="validate"/>
    <callback method="stop" transition="invalidate"/>
    <requires aggregate="true" specification="fr.liglab.adele.icasa.device.presence.PresenceSensor" field="presenceSensors">
      <callback method="bindPresenceSensors" type="bind"/>
      <callback method="unbindPresenceSensors" type="unbind"/>
    </requires>
    <requires aggregate="true" optional="true" specification="follow.me.binary.BinaryLightsInterface" field="binaryHandlers">
      <callback method="bindBinaryHandler" type="bind"/>
      <callback method="unbindBinaryHandler" type="unbind"/>
    </requires>
    <provides specifications="follow.me.configuration.FollowMeConfiguration"/>
    <requires specification="fr.liglab.adele.icasa.service.preferences.Preferences" field="userPreferences"/>
    <requires specification="fr.liglab.adele.icasa.service.location.PersonLocationService" field="locationService"/>
    <requires aggregate="true" optional="true" specification="follow.me.dimmer.DimmerLightsInterface" field="dimmerHandlers">
      <callback method="bindDimmerHandlers" type="bind"/>
      <callback method="unbindDimmerHandlers" type="unbind"/>
    </requires>
  </component>
  <instance component="BinaryFollowMe" name="BinaryFollowMe-1"/>
</ipojo>