<?xml version="1.0" encoding="UTF-8"?>
<ipojo xmlns="org.apache.felix.ipojo">
  <component classname="follow.me.manager.FollowMeAdministrationImpl" name="FollowMeAdministration">
    <requires specification="follow.me.configuration.FollowMeConfiguration" field="followMeConfiguration"/>
    <provides specifications="follow.me.manager.FollowMeAdministration"/>
    <callback method="start" transition="validate"/>
    <callback method="stop" transition="invalidate"/>
    <requires specification="fr.liglab.adele.icasa.service.preferences.Preferences" field="preferences"/>
  </component>
  <instance component="FollowMeAdministration" name="FollowMeAdministration-2"/>
</ipojo>