<?xml version="1.0" encoding="UTF-8"?>
<ipojo xmlns="org.apache.felix.ipojo">
  <component classname="follow.me.dimmer.DimmerLightHandlerImpl" name="DimmerLightHandler">
    <requires aggregate="true" specification="fr.liglab.adele.icasa.device.light.DimmerLight" field="dimmerLights">
      <callback method="bindDimmerLights" type="bind"/>
      <callback method="unbindDimmerLights" type="unbind"/>
    </requires>
    <callback method="start" transition="validate"/>
    <callback method="stop" transition="invalidate"/>
    <provides specifications="follow.me.dimmer.DimmerLightsInterface"/>
  </component>
  <instance component="DimmerLightHandler" name="DimmerLightHandler-1"/>
</ipojo>