<?xml version="1.0" encoding="UTF-8"?>
<ipojo xmlns="org.apache.felix.ipojo">
  <component classname="follow.me.binary.BinaryLightHandlerImpl" name="BinaryLightHandler">
    <requires aggregate="true" specification="fr.liglab.adele.icasa.device.light.BinaryLight" field="binaryLights">
      <callback method="bindBinaryLights" type="bind"/>
      <callback method="unbindBinaryLights" type="unbind"/>
    </requires>
    <callback method="start" transition="validate"/>
    <callback method="stop" transition="invalidate"/>
    <provides specifications="follow.me.binary.BinaryLightsInterface"/>
  </component>
  <instance component="BinaryLightHandler" name="BinaryLightHandler-1"/>
</ipojo>